pr_number,reviewer,state,submitted_at,body
85,Alice,APPROVED,2025-01-01T00:00:00Z,Review comment by Alice
46,Alice,APPROVED,2025-01-01T00:00:00Z,Review comment by Alice
80,Alice,CHANGES_REQUESTED,2025-01-01T00:00:00Z,Review comment by Alice
21,Alice,CHANGES_REQUESTED,2025-01-01T00:00:00Z,Review comment by Alice
55,Alice,COMMENTED,2025-01-01T00:00:00Z,Review comment by Alice
57,Alice,COMMENTED,2025-01-01T00:00:00Z,Review comment by Alice
4,Alice,APPROVED,2025-01-01T00:00:00Z,Review comment by Alice
98,Alice,COMMENTED,2025-01-01T00:00:00Z,Review comment by Alice
72,Alice,COMMENTED,2025-01-01T00:00:00Z,Review comment by Alice
80,Alice,APPROVED,2025-01-01T00:00:00Z,Review comment by Alice
89,Bob,APPROVED,2025-01-01T00:00:00Z,Review comment by Bob
28,Bob,CHANGES_REQUESTED,2025-01-01T00:00:00Z,Review comment by Bob
87,Bob,CHANGES_REQUESTED,2025-01-01T00:00:00Z,Review comment by Bob
4,Bob,COMMENTED,2025-01-01T00:00:00Z,Review comment by Bob
55,Bob,CHANGES_REQUESTED,2025-01-01T00:00:00Z,Review comment by Bob
60,Bob,COMMENTED,2025-01-01T00:00:00Z,Review comment by Bob
8,Bob,APPROVED,2025-01-01T00:00:00Z,Review comment by Bob
55,Bob,CHANGES_REQUESTED,2025-01-01T00:00:00Z,Review comment by Bob
5,Bob,APPROVED,2025-01-01T00:00:00Z,Review comment by Bob
28,Bob,APPROVED,2025-01-01T00:00:00Z,Review comment by Bob
66,Charlie,COMMENTED,2025-01-01T00:00:00Z,Review comment by Charlie
3,Charlie,APPROVED,2025-01-01T00:00:00Z,Review comment by Charlie
58,Charlie,APPROVED,2025-01-01T00:00:00Z,Review comment by Charlie
76,Charlie,CHANGES_REQUESTED,2025-01-01T00:00:00Z,Review comment by Charlie
20,Charlie,CHANGES_REQUESTED,2025-01-01T00:00:00Z,Review comment by Charlie
35,Charlie,CHANGES_REQUESTED,2025-01-01T00:00:00Z,Review comment by Charlie
11,Charlie,APPROVED,2025-01-01T00:00:00Z,Review comment by Charlie
94,Charlie,APPROVED,2025-01-01T00:00:00Z,Review comment by Charlie
52,Charlie,CHANGES_REQUESTED,2025-01-01T00:00:00Z,Review comment by Charlie
67,Charlie,COMMENTED,2025-01-01T00:00:00Z,Review comment by Charlie
23,Alice,COMMENTED,2025-02-01T00:00:00Z,Review comment by Alice
23,Alice,APPROVED,2025-02-01T00:00:00Z,Review comment by Alice
52,Alice,COMMENTED,2025-02-01T00:00:00Z,Review comment by Alice
80,Alice,APPROVED,2025-02-01T00:00:00Z,Review comment by Alice
1,Alice,COMMENTED,2025-02-01T00:00:00Z,Review comment by Alice
72,Alice,APPROVED,2025-02-01T00:00:00Z,Review comment by Alice
2,Alice,COMMENTED,2025-02-01T00:00:00Z,Review comment by Alice
20,Alice,COMMENTED,2025-02-01T00:00:00Z,Review comment by Alice
67,Alice,COMMENTED,2025-02-01T00:00:00Z,Review comment by Alice
94,Alice,COMMENTED,2025-02-01T00:00:00Z,Review comment by Alice
23,Bob,CHANGES_REQUESTED,2025-02-01T00:00:00Z,Review comment by Bob
67,Bob,COMMENTED,2025-02-01T00:00:00Z,Review comment by Bob
81,Bob,APPROVED,2025-02-01T00:00:00Z,Review comment by Bob
52,Bob,CHANGES_REQUESTED,2025-02-01T00:00:00Z,Review comment by Bob
59,Bob,APPROVED,2025-02-01T00:00:00Z,Review comment by Bob
93,Bob,CHANGES_REQUESTED,2025-02-01T00:00:00Z,Review comment by Bob
79,Bob,APPROVED,2025-02-01T00:00:00Z,Review comment by Bob
96,Bob,APPROVED,2025-02-01T00:00:00Z,Review comment by Bob
53,Bob,CHANGES_REQUESTED,2025-02-01T00:00:00Z,Review comment by Bob
81,Bob,APPROVED,2025-02-01T00:00:00Z,Review comment by Bob
7,Charlie,CHANGES_REQUESTED,2025-02-01T00:00:00Z,Review comment by Charlie
68,Charlie,CHANGES_REQUESTED,2025-02-01T00:00:00Z,Review comment by Charlie
34,Charlie,APPROVED,2025-02-01T00:00:00Z,Review comment by Charlie
15,Charlie,APPROVED,2025-02-01T00:00:00Z,Review comment by Charlie
98,Charlie,COMMENTED,2025-02-01T00:00:00Z,Review comment by Charlie
62,Charlie,APPROVED,2025-02-01T00:00:00Z,Review comment by Charlie
76,Charlie,APPROVED,2025-02-01T00:00:00Z,Review comment by Charlie
94,Charlie,CHANGES_REQUESTED,2025-02-01T00:00:00Z,Review comment by Charlie
55,Charlie,APPROVED,2025-02-01T00:00:00Z,Review comment by Charlie
71,Charlie,APPROVED,2025-02-01T00:00:00Z,Review comment by Charlie
62,Alice,COMMENTED,2025-03-01T00:00:00Z,Review comment by Alice
21,Alice,COMMENTED,2025-03-01T00:00:00Z,Review comment by Alice
50,Alice,COMMENTED,2025-03-01T00:00:00Z,Review comment by Alice
86,Alice,COMMENTED,2025-03-01T00:00:00Z,Review comment by Alice
28,Alice,COMMENTED,2025-03-01T00:00:00Z,Review comment by Alice
33,Alice,COMMENTED,2025-03-01T00:00:00Z,Review comment by Alice
54,Alice,COMMENTED,2025-03-01T00:00:00Z,Review comment by Alice
45,Alice,CHANGES_REQUESTED,2025-03-01T00:00:00Z,Review comment by Alice
84,Alice,COMMENTED,2025-03-01T00:00:00Z,Review comment by Alice
83,Alice,APPROVED,2025-03-01T00:00:00Z,Review comment by Alice
84,Bob,COMMENTED,2025-03-01T00:00:00Z,Review comment by Bob
98,Bob,CHANGES_REQUESTED,2025-03-01T00:00:00Z,Review comment by Bob
79,Bob,COMMENTED,2025-03-01T00:00:00Z,Review comment by Bob
6,Bob,COMMENTED,2025-03-01T00:00:00Z,Review comment by Bob
47,Bob,COMMENTED,2025-03-01T00:00:00Z,Review comment by Bob
76,Bob,APPROVED,2025-03-01T00:00:00Z,Review comment by Bob
70,Bob,APPROVED,2025-03-01T00:00:00Z,Review comment by Bob
82,Bob,APPROVED,2025-03-01T00:00:00Z,Review comment by Bob
50,Bob,CHANGES_REQUESTED,2025-03-01T00:00:00Z,Review comment by Bob
41,Bob,APPROVED,2025-03-01T00:00:00Z,Review comment by Bob
41,Charlie,CHANGES_REQUESTED,2025-03-01T00:00:00Z,Review comment by Charlie
71,Charlie,APPROVED,2025-03-01T00:00:00Z,Review comment by Charlie
74,Charlie,CHANGES_REQUESTED,2025-03-01T00:00:00Z,Review comment by Charlie
56,Charlie,COMMENTED,2025-03-01T00:00:00Z,Review comment by Charlie
48,Charlie,APPROVED,2025-03-01T00:00:00Z,Review comment by Charlie
19,Charlie,CHANGES_REQUESTED,2025-03-01T00:00:00Z,Review comment by Charlie
34,Charlie,CHANGES_REQUESTED,2025-03-01T00:00:00Z,Review comment by Charlie
46,Charlie,APPROVED,2025-03-01T00:00:00Z,Review comment by Charlie
43,Charlie,CHANGES_REQUESTED,2025-03-01T00:00:00Z,Review comment by Charlie
66,Charlie,CHANGES_REQUESTED,2025-03-01T00:00:00Z,Review comment by Charlie
8,Alice,APPROVED,2025-04-01T00:00:00Z,Review comment by Alice
79,Alice,APPROVED,2025-04-01T00:00:00Z,Review comment by Alice
46,Alice,COMMENTED,2025-04-01T00:00:00Z,Review comment by Alice
30,Alice,COMMENTED,2025-04-01T00:00:00Z,Review comment by Alice
50,Alice,CHANGES_REQUESTED,2025-04-01T00:00:00Z,Review comment by Alice
22,Alice,CHANGES_REQUESTED,2025-04-01T00:00:00Z,Review comment by Alice
4,Alice,APPROVED,2025-04-01T00:00:00Z,Review comment by Alice
62,Alice,COMMENTED,2025-04-01T00:00:00Z,Review comment by Alice
31,Alice,COMMENTED,2025-04-01T00:00:00Z,Review comment by Alice
37,Alice,CHANGES_REQUESTED,2025-04-01T00:00:00Z,Review comment by Alice
65,Bob,COMMENTED,2025-04-01T00:00:00Z,Review comment by Bob
46,Bob,COMMENTED,2025-04-01T00:00:00Z,Review comment by Bob
61,Bob,COMMENTED,2025-04-01T00:00:00Z,Review comment by Bob
53,Bob,COMMENTED,2025-04-01T00:00:00Z,Review comment by Bob
71,Bob,CHANGES_REQUESTED,2025-04-01T00:00:00Z,Review comment by Bob
38,Bob,COMMENTED,2025-04-01T00:00:00Z,Review comment by Bob
10,Bob,CHANGES_REQUESTED,2025-04-01T00:00:00Z,Review comment by Bob
30,Bob,COMMENTED,2025-04-01T00:00:00Z,Review comment by Bob
43,Bob,APPROVED,2025-04-01T00:00:00Z,Review comment by Bob
16,Bob,CHANGES_REQUESTED,2025-04-01T00:00:00Z,Review comment by Bob
8,Charlie,COMMENTED,2025-04-01T00:00:00Z,Review comment by Charlie
40,Charlie,CHANGES_REQUESTED,2025-04-01T00:00:00Z,Review comment by Charlie
95,Charlie,CHANGES_REQUESTED,2025-04-01T00:00:00Z,Review comment by Charlie
86,Charlie,CHANGES_REQUESTED,2025-04-01T00:00:00Z,Review comment by Charlie
58,Charlie,CHANGES_REQUESTED,2025-04-01T00:00:00Z,Review comment by Charlie
77,Charlie,CHANGES_REQUESTED,2025-04-01T00:00:00Z,Review comment by Charlie
76,Charlie,CHANGES_REQUESTED,2025-04-01T00:00:00Z,Review comment by Charlie
4,Charlie,COMMENTED,2025-04-01T00:00:00Z,Review comment by Charlie
11,Charlie,COMMENTED,2025-04-01T00:00:00Z,Review comment by Charlie
41,Charlie,APPROVED,2025-04-01T00:00:00Z,Review comment by Charlie
49,Alice,CHANGES_REQUESTED,2025-05-01T00:00:00Z,Review comment by Alice
50,Alice,CHANGES_REQUESTED,2025-05-01T00:00:00Z,Review comment by Alice
40,Alice,COMMENTED,2025-05-01T00:00:00Z,Review comment by Alice
61,Alice,COMMENTED,2025-05-01T00:00:00Z,Review comment by Alice
94,Alice,APPROVED,2025-05-01T00:00:00Z,Review comment by Alice
83,Alice,APPROVED,2025-05-01T00:00:00Z,Review comment by Alice
32,Alice,APPROVED,2025-05-01T00:00:00Z,Review comment by Alice
11,Alice,CHANGES_REQUESTED,2025-05-01T00:00:00Z,Review comment by Alice
48,Alice,COMMENTED,2025-05-01T00:00:00Z,Review comment by Alice
54,Alice,APPROVED,2025-05-01T00:00:00Z,Review comment by Alice
54,Bob,COMMENTED,2025-05-01T00:00:00Z,Review comment by Bob
52,Bob,COMMENTED,2025-05-01T00:00:00Z,Review comment by Bob
99,Bob,APPROVED,2025-05-01T00:00:00Z,Review comment by Bob
68,Bob,COMMENTED,2025-05-01T00:00:00Z,Review comment by Bob
34,Bob,COMMENTED,2025-05-01T00:00:00Z,Review comment by Bob
54,Bob,CHANGES_REQUESTED,2025-05-01T00:00:00Z,Review comment by Bob
54,Bob,CHANGES_REQUESTED,2025-05-01T00:00:00Z,Review comment by Bob
15,Bob,CHANGES_REQUESTED,2025-05-01T00:00:00Z,Review comment by Bob
69,Bob,COMMENTED,2025-05-01T00:00:00Z,Review comment by Bob
17,Bob,COMMENTED,2025-05-01T00:00:00Z,Review comment by Bob
31,Charlie,CHANGES_REQUESTED,2025-05-01T00:00:00Z,Review comment by Charlie
94,Charlie,CHANGES_REQUESTED,2025-05-01T00:00:00Z,Review comment by Charlie
53,Charlie,COMMENTED,2025-05-01T00:00:00Z,Review comment by Charlie
55,Charlie,CHANGES_REQUESTED,2025-05-01T00:00:00Z,Review comment by Charlie
98,Charlie,COMMENTED,2025-05-01T00:00:00Z,Review comment by Charlie
91,Charlie,COMMENTED,2025-05-01T00:00:00Z,Review comment by Charlie
80,Charlie,COMMENTED,2025-05-01T00:00:00Z,Review comment by Charlie
92,Charlie,CHANGES_REQUESTED,2025-05-01T00:00:00Z,Review comment by Charlie
50,Charlie,CHANGES_REQUESTED,2025-05-01T00:00:00Z,Review comment by Charlie
35,Charlie,COMMENTED,2025-05-01T00:00:00Z,Review comment by Charlie
52,Alice,CHANGES_REQUESTED,2025-06-01T00:00:00Z,Review comment by Alice
5,Alice,APPROVED,2025-06-01T00:00:00Z,Review comment by Alice
40,Alice,COMMENTED,2025-06-01T00:00:00Z,Review comment by Alice
36,Alice,CHANGES_REQUESTED,2025-06-01T00:00:00Z,Review comment by Alice
34,Alice,APPROVED,2025-06-01T00:00:00Z,Review comment by Alice
71,Alice,APPROVED,2025-06-01T00:00:00Z,Review comment by Alice
20,Alice,APPROVED,2025-06-01T00:00:00Z,Review comment by Alice
94,Alice,APPROVED,2025-06-01T00:00:00Z,Review comment by Alice
35,Alice,COMMENTED,2025-06-01T00:00:00Z,Review comment by Alice
15,Alice,APPROVED,2025-06-01T00:00:00Z,Review comment by Alice
42,Bob,CHANGES_REQUESTED,2025-06-01T00:00:00Z,Review comment by Bob
35,Bob,APPROVED,2025-06-01T00:00:00Z,Review comment by Bob
45,Bob,COMMENTED,2025-06-01T00:00:00Z,Review comment by Bob
53,Bob,CHANGES_REQUESTED,2025-06-01T00:00:00Z,Review comment by Bob
50,Bob,APPROVED,2025-06-01T00:00:00Z,Review comment by Bob
84,Bob,COMMENTED,2025-06-01T00:00:00Z,Review comment by Bob
62,Bob,APPROVED,2025-06-01T00:00:00Z,Review comment by Bob
80,Bob,CHANGES_REQUESTED,2025-06-01T00:00:00Z,Review comment by Bob
85,Bob,COMMENTED,2025-06-01T00:00:00Z,Review comment by Bob
79,Bob,COMMENTED,2025-06-01T00:00:00Z,Review comment by Bob
34,Charlie,COMMENTED,2025-06-01T00:00:00Z,Review comment by Charlie
84,Charlie,COMMENTED,2025-06-01T00:00:00Z,Review comment by Charlie
88,Charlie,COMMENTED,2025-06-01T00:00:00Z,Review comment by Charlie
70,Charlie,APPROVED,2025-06-01T00:00:00Z,Review comment by Charlie
17,Charlie,CHANGES_REQUESTED,2025-06-01T00:00:00Z,Review comment by Charlie
31,Charlie,COMMENTED,2025-06-01T00:00:00Z,Review comment by Charlie
30,Charlie,CHANGES_REQUESTED,2025-06-01T00:00:00Z,Review comment by Charlie
18,Charlie,APPROVED,2025-06-01T00:00:00Z,Review comment by Charlie
25,Charlie,CHANGES_REQUESTED,2025-06-01T00:00:00Z,Review comment by Charlie
83,Charlie,COMMENTED,2025-06-01T00:00:00Z,Review comment by Charlie
41,Alice,COMMENTED,2025-07-01T00:00:00Z,Review comment by Alice
48,Alice,CHANGES_REQUESTED,2025-07-01T00:00:00Z,Review comment by Alice
34,Alice,COMMENTED,2025-07-01T00:00:00Z,Review comment by Alice
100,Alice,CHANGES_REQUESTED,2025-07-01T00:00:00Z,Review comment by Alice
92,Alice,CHANGES_REQUESTED,2025-07-01T00:00:00Z,Review comment by Alice
65,Alice,APPROVED,2025-07-01T00:00:00Z,Review comment by Alice
88,Alice,CHANGES_REQUESTED,2025-07-01T00:00:00Z,Review comment by Alice
8,Alice,COMMENTED,2025-07-01T00:00:00Z,Review comment by Alice
13,Alice,CHANGES_REQUESTED,2025-07-01T00:00:00Z,Review comment by Alice
50,Alice,COMMENTED,2025-07-01T00:00:00Z,Review comment by Alice
45,Bob,COMMENTED,2025-07-01T00:00:00Z,Review comment by Bob
37,Bob,COMMENTED,2025-07-01T00:00:00Z,Review comment by Bob
62,Bob,COMMENTED,2025-07-01T00:00:00Z,Review comment by Bob
51,Bob,APPROVED,2025-07-01T00:00:00Z,Review comment by Bob
2,Bob,APPROVED,2025-07-01T00:00:00Z,Review comment by Bob
64,Bob,CHANGES_REQUESTED,2025-07-01T00:00:00Z,Review comment by Bob
76,Bob,CHANGES_REQUESTED,2025-07-01T00:00:00Z,Review comment by Bob
81,Bob,CHANGES_REQUESTED,2025-07-01T00:00:00Z,Review comment by Bob
40,Bob,COMMENTED,2025-07-01T00:00:00Z,Review comment by Bob
96,Bob,COMMENTED,2025-07-01T00:00:00Z,Review comment by Bob
57,Charlie,COMMENTED,2025-07-01T00:00:00Z,Review comment by Charlie
51,Charlie,CHANGES_REQUESTED,2025-07-01T00:00:00Z,Review comment by Charlie
14,Charlie,COMMENTED,2025-07-01T00:00:00Z,Review comment by Charlie
34,Charlie,COMMENTED,2025-07-01T00:00:00Z,Review comment by Charlie
30,Charlie,APPROVED,2025-07-01T00:00:00Z,Review comment by Charlie
30,Charlie,COMMENTED,2025-07-01T00:00:00Z,Review comment by Charlie
16,Charlie,CHANGES_REQUESTED,2025-07-01T00:00:00Z,Review comment by Charlie
46,Charlie,APPROVED,2025-07-01T00:00:00Z,Review comment by Charlie
3,Charlie,COMMENTED,2025-07-01T00:00:00Z,Review comment by Charlie
69,Charlie,CHANGES_REQUESTED,2025-07-01T00:00:00Z,Review comment by Charlie
90,Alice,CHANGES_REQUESTED,2025-08-01T00:00:00Z,Review comment by Alice
36,Alice,COMMENTED,2025-08-01T00:00:00Z,Review comment by Alice
95,Alice,CHANGES_REQUESTED,2025-08-01T00:00:00Z,Review comment by Alice
30,Alice,APPROVED,2025-08-01T00:00:00Z,Review comment by Alice
95,Alice,COMMENTED,2025-08-01T00:00:00Z,Review comment by Alice
95,Alice,APPROVED,2025-08-01T00:00:00Z,Review comment by Alice
5,Alice,CHANGES_REQUESTED,2025-08-01T00:00:00Z,Review comment by Alice
13,Alice,CHANGES_REQUESTED,2025-08-01T00:00:00Z,Review comment by Alice
5,Alice,CHANGES_REQUESTED,2025-08-01T00:00:00Z,Review comment by Alice
27,Alice,APPROVED,2025-08-01T00:00:00Z,Review comment by Alice
87,Bob,COMMENTED,2025-08-01T00:00:00Z,Review comment by Bob
84,Bob,CHANGES_REQUESTED,2025-08-01T00:00:00Z,Review comment by Bob
59,Bob,CHANGES_REQUESTED,2025-08-01T00:00:00Z,Review comment by Bob
10,Bob,APPROVED,2025-08-01T00:00:00Z,Review comment by Bob
24,Bob,CHANGES_REQUESTED,2025-08-01T00:00:00Z,Review comment by Bob
13,Bob,COMMENTED,2025-08-01T00:00:00Z,Review comment by Bob
38,Bob,COMMENTED,2025-08-01T00:00:00Z,Review comment by Bob
53,Bob,APPROVED,2025-08-01T00:00:00Z,Review comment by Bob
45,Bob,COMMENTED,2025-08-01T00:00:00Z,Review comment by Bob
37,Bob,CHANGES_REQUESTED,2025-08-01T00:00:00Z,Review comment by Bob
52,Charlie,COMMENTED,2025-08-01T00:00:00Z,Review comment by Charlie
57,Charlie,CHANGES_REQUESTED,2025-08-01T00:00:00Z,Review comment by Charlie
4,Charlie,COMMENTED,2025-08-01T00:00:00Z,Review comment by Charlie
60,Charlie,COMMENTED,2025-08-01T00:00:00Z,Review comment by Charlie
49,Charlie,COMMENTED,2025-08-01T00:00:00Z,Review comment by Charlie
44,Charlie,CHANGES_REQUESTED,2025-08-01T00:00:00Z,Review comment by Charlie
73,Charlie,CHANGES_REQUESTED,2025-08-01T00:00:00Z,Review comment by Charlie
13,Charlie,CHANGES_REQUESTED,2025-08-01T00:00:00Z,Review comment by Charlie
62,Charlie,CHANGES_REQUESTED,2025-08-01T00:00:00Z,Review comment by Charlie
61,Charlie,APPROVED,2025-08-01T00:00:00Z,Review comment by Charlie
2,Alice,COMMENTED,2025-09-01T00:00:00Z,Review comment by Alice
67,Alice,CHANGES_REQUESTED,2025-09-01T00:00:00Z,Review comment by Alice
28,Alice,APPROVED,2025-09-01T00:00:00Z,Review comment by Alice
52,Alice,COMMENTED,2025-09-01T00:00:00Z,Review comment by Alice
34,Alice,COMMENTED,2025-09-01T00:00:00Z,Review comment by Alice
39,Alice,APPROVED,2025-09-01T00:00:00Z,Review comment by Alice
71,Alice,APPROVED,2025-09-01T00:00:00Z,Review comment by Alice
96,Alice,CHANGES_REQUESTED,2025-09-01T00:00:00Z,Review comment by Alice
97,Alice,APPROVED,2025-09-01T00:00:00Z,Review comment by Alice
56,Alice,COMMENTED,2025-09-01T00:00:00Z,Review comment by Alice
78,Bob,COMMENTED,2025-09-01T00:00:00Z,Review comment by Bob
4,Bob,COMMENTED,2025-09-01T00:00:00Z,Review comment by Bob
3,Bob,COMMENTED,2025-09-01T00:00:00Z,Review comment by Bob
23,Bob,COMMENTED,2025-09-01T00:00:00Z,Review comment by Bob
97,Bob,CHANGES_REQUESTED,2025-09-01T00:00:00Z,Review comment by Bob
33,Bob,COMMENTED,2025-09-01T00:00:00Z,Review comment by Bob
15,Bob,COMMENTED,2025-09-01T00:00:00Z,Review comment by Bob
64,Bob,CHANGES_REQUESTED,2025-09-01T00:00:00Z,Review comment by Bob
60,Bob,APPROVED,2025-09-01T00:00:00Z,Review comment by Bob
74,Bob,CHANGES_REQUESTED,2025-09-01T00:00:00Z,Review comment by Bob
87,Charlie,COMMENTED,2025-09-01T00:00:00Z,Review comment by Charlie
21,Charlie,CHANGES_REQUESTED,2025-09-01T00:00:00Z,Review comment by Charlie
66,Charlie,APPROVED,2025-09-01T00:00:00Z,Review comment by Charlie
26,Charlie,COMMENTED,2025-09-01T00:00:00Z,Review comment by Charlie
97,Charlie,APPROVED,2025-09-01T00:00:00Z,Review comment by Charlie
82,Charlie,COMMENTED,2025-09-01T00:00:00Z,Review comment by Charlie
25,Charlie,CHANGES_REQUESTED,2025-09-01T00:00:00Z,Review comment by Charlie
19,Charlie,CHANGES_REQUESTED,2025-09-01T00:00:00Z,Review comment by Charlie
19,Charlie,COMMENTED,2025-09-01T00:00:00Z,Review comment by Charlie
60,Charlie,COMMENTED,2025-09-01T00:00:00Z,Review comment by Charlie
37,Alice,COMMENTED,2025-10-01T00:00:00Z,Review comment by Alice
76,Alice,APPROVED,2025-10-01T00:00:00Z,Review comment by Alice
90,Alice,APPROVED,2025-10-01T00:00:00Z,Review comment by Alice
28,Alice,CHANGES_REQUESTED,2025-10-01T00:00:00Z,Review comment by Alice
43,Alice,COMMENTED,2025-10-01T00:00:00Z,Review comment by Alice
59,Alice,COMMENTED,2025-10-01T00:00:00Z,Review comment by Alice
33,Alice,APPROVED,2025-10-01T00:00:00Z,Review comment by Alice
9,Alice,APPROVED,2025-10-01T00:00:00Z,Review comment by Alice
88,Alice,APPROVED,2025-10-01T00:00:00Z,Review comment by Alice
79,Alice,APPROVED,2025-10-01T00:00:00Z,Review comment by Alice
18,Bob,APPROVED,2025-10-01T00:00:00Z,Review comment by Bob
95,Bob,CHANGES_REQUESTED,2025-10-01T00:00:00Z,Review comment by Bob
47,Bob,APPROVED,2025-10-01T00:00:00Z,Review comment by Bob
53,Bob,APPROVED,2025-10-01T00:00:00Z,Review comment by Bob
68,Bob,APPROVED,2025-10-01T00:00:00Z,Review comment by Bob
55,Bob,COMMENTED,2025-10-01T00:00:00Z,Review comment by Bob
29,Bob,COMMENTED,2025-10-01T00:00:00Z,Review comment by Bob
12,Bob,COMMENTED,2025-10-01T00:00:00Z,Review comment by Bob
33,Bob,COMMENTED,2025-10-01T00:00:00Z,Review comment by Bob
57,Bob,APPROVED,2025-10-01T00:00:00Z,Review comment by Bob
62,Charlie,CHANGES_REQUESTED,2025-10-01T00:00:00Z,Review comment by Charlie
44,Charlie,COMMENTED,2025-10-01T00:00:00Z,Review comment by Charlie
81,Charlie,CHANGES_REQUESTED,2025-10-01T00:00:00Z,Review comment by Charlie
6,Charlie,COMMENTED,2025-10-01T00:00:00Z,Review comment by Charlie
46,Charlie,COMMENTED,2025-10-01T00:00:00Z,Review comment by Charlie
88,Charlie,CHANGES_REQUESTED,2025-10-01T00:00:00Z,Review comment by Charlie
63,Charlie,COMMENTED,2025-10-01T00:00:00Z,Review comment by Charlie
38,Charlie,COMMENTED,2025-10-01T00:00:00Z,Review comment by Charlie
50,Charlie,APPROVED,2025-10-01T00:00:00Z,Review comment by Charlie
74,Charlie,APPROVED,2025-10-01T00:00:00Z,Review comment by Charlie
48,Alice,COMMENTED,2025-11-01T00:00:00Z,Review comment by Alice
77,Alice,CHANGES_REQUESTED,2025-11-01T00:00:00Z,Review comment by Alice
94,Alice,COMMENTED,2025-11-01T00:00:00Z,Review comment by Alice
46,Alice,APPROVED,2025-11-01T00:00:00Z,Review comment by Alice
97,Alice,COMMENTED,2025-11-01T00:00:00Z,Review comment by Alice
2,Alice,CHANGES_REQUESTED,2025-11-01T00:00:00Z,Review comment by Alice
93,Alice,APPROVED,2025-11-01T00:00:00Z,Review comment by Alice
16,Alice,COMMENTED,2025-11-01T00:00:00Z,Review comment by Alice
66,Alice,COMMENTED,2025-11-01T00:00:00Z,Review comment by Alice
23,Alice,APPROVED,2025-11-01T00:00:00Z,Review comment by Alice
30,Bob,COMMENTED,2025-11-01T00:00:00Z,Review comment by Bob
7,Bob,COMMENTED,2025-11-01T00:00:00Z,Review comment by Bob
88,Bob,CHANGES_REQUESTED,2025-11-01T00:00:00Z,Review comment by Bob
26,Bob,COMMENTED,2025-11-01T00:00:00Z,Review comment by Bob
27,Bob,CHANGES_REQUESTED,2025-11-01T00:00:00Z,Review comment by Bob
75,Bob,APPROVED,2025-11-01T00:00:00Z,Review comment by Bob
4,Bob,COMMENTED,2025-11-01T00:00:00Z,Review comment by Bob
84,Bob,CHANGES_REQUESTED,2025-11-01T00:00:00Z,Review comment by Bob
49,Bob,COMMENTED,2025-11-01T00:00:00Z,Review comment by Bob
87,Bob,COMMENTED,2025-11-01T00:00:00Z,Review comment by Bob
94,Charlie,CHANGES_REQUESTED,2025-11-01T00:00:00Z,Review comment by Charlie
59,Charlie,COMMENTED,2025-11-01T00:00:00Z,Review comment by Charlie
34,Charlie,APPROVED,2025-11-01T00:00:00Z,Review comment by Charlie
35,Charlie,CHANGES_REQUESTED,2025-11-01T00:00:00Z,Review comment by Charlie
69,Charlie,APPROVED,2025-11-01T00:00:00Z,Review comment by Charlie
100,Charlie,COMMENTED,2025-11-01T00:00:00Z,Review comment by Charlie
9,Charlie,APPROVED,2025-11-01T00:00:00Z,Review comment by Charlie
97,Charlie,CHANGES_REQUESTED,2025-11-01T00:00:00Z,Review comment by Charlie
41,Charlie,APPROVED,2025-11-01T00:00:00Z,Review comment by Charlie
79,Charlie,CHANGES_REQUESTED,2025-11-01T00:00:00Z,Review comment by Charlie
32,Alice,CHANGES_REQUESTED,2025-12-01T00:00:00Z,Review comment by Alice
45,Alice,COMMENTED,2025-12-01T00:00:00Z,Review comment by Alice
5,Alice,CHANGES_REQUESTED,2025-12-01T00:00:00Z,Review comment by Alice
63,Alice,APPROVED,2025-12-01T00:00:00Z,Review comment by Alice
86,Alice,CHANGES_REQUESTED,2025-12-01T00:00:00Z,Review comment by Alice
27,Alice,CHANGES_REQUESTED,2025-12-01T00:00:00Z,Review comment by Alice
26,Alice,CHANGES_REQUESTED,2025-12-01T00:00:00Z,Review comment by Alice
69,Alice,APPROVED,2025-12-01T00:00:00Z,Review comment by Alice
17,Alice,COMMENTED,2025-12-01T00:00:00Z,Review comment by Alice
8,Alice,APPROVED,2025-12-01T00:00:00Z,Review comment by Alice
63,Bob,CHANGES_REQUESTED,2025-12-01T00:00:00Z,Review comment by Bob
44,Bob,COMMENTED,2025-12-01T00:00:00Z,Review comment by Bob
76,Bob,CHANGES_REQUESTED,2025-12-01T00:00:00Z,Review comment by Bob
37,Bob,APPROVED,2025-12-01T00:00:00Z,Review comment by Bob
22,Bob,COMMENTED,2025-12-01T00:00:00Z,Review comment by Bob
81,Bob,COMMENTED,2025-12-01T00:00:00Z,Review comment by Bob
62,Bob,COMMENTED,2025-12-01T00:00:00Z,Review comment by Bob
99,Bob,APPROVED,2025-12-01T00:00:00Z,Review comment by Bob
22,Bob,CHANGES_REQUESTED,2025-12-01T00:00:00Z,Review comment by Bob
50,Bob,CHANGES_REQUESTED,2025-12-01T00:00:00Z,Review comment by Bob
47,Charlie,APPROVED,2025-12-01T00:00:00Z,Review comment by Charlie
68,Charlie,COMMENTED,2025-12-01T00:00:00Z,Review comment by Charlie
12,Charlie,CHANGES_REQUESTED,2025-12-01T00:00:00Z,Review comment by Charlie
79,Charlie,CHANGES_REQUESTED,2025-12-01T00:00:00Z,Review comment by Charlie
46,Charlie,CHANGES_REQUESTED,2025-12-01T00:00:00Z,Review comment by Charlie
95,Charlie,CHANGES_REQUESTED,2025-12-01T00:00:00Z,Review comment by Charlie
60,Charlie,CHANGES_REQUESTED,2025-12-01T00:00:00Z,Review comment by Charlie
59,Charlie,CHANGES_REQUESTED,2025-12-01T00:00:00Z,Review comment by Charlie
26,Charlie,APPROVED,2025-12-01T00:00:00Z,Review comment by Charlie
11,Charlie,COMMENTED,2025-12-01T00:00:00Z,Review comment by Charlie
